Total Death,Crew Death,Passengers Death,Ground Death,Type,Incident,Aircraft,Country,Location,Date
52,42,10,0,MIL,French airship Dixmude,Zeppelin-type rigid airship,Italy,"Mediterranean, off Sicily, Italy",12/21/1923
73,0,0,0,MIL,USS Akron,Akron-class rigid airship,US,"Atlantic Ocean, off Barnegat Light, New Jersey, US",4/4/1933
53,1,0,52,MIL,Santa Ana air show disaster,Curtiss Hawk II,Colombia,"Campo de Marte, Bogotá, Colombia",7/24/1938
58,5,0,53,COM,Japan mid-air collision,Fokker Super Universal and Mitsubishi Ki1,Japan,"Tokyo, Japan",8/24/1938
61,11,0,50,MIL,US Air Force (42-40682),Consolidated B-24 Liberator,PapuaNewGuinea,"Port Moresby, Papua New Guinea (then Territory of Papua)",9/7/1943
61,3,0,58,MIL,US Army Air Force (42-50291),Consolidated B-24 Liberator,UK,"Freckleton, England, UK",8/23/1944
59,4,55,0,MIL,US Army Air Force (44-78591),Curtiss C-46F-1-CU,China,"Fangshan, Fangshan District, China",10/12/1945
53,4,49,0,COM,Avianca (C-114),Douglas DC-4,Colombia,"Mt. El Tablazo, Subachoque, Colombia",2/15/1947
53,4,49,0,COM,Eastern Air Lines Flight 605,Douglas DC-4,US,"Bainbridge, Maryland, US",5/30/1947
50,3,47,0,COM,Pennsylvania Central Airlines Flight 410,Douglas C-54 Skymaster,US,"Shannondale, West Virginia, US",6/13/1947
52,5,47,0,COM,United Airlines Flight 608,Douglas DC-6,US,"Bryce Canyon, Utah, US",10/24/1947
52,12,40,0,COM,Air France (F-BDRC),Lataccoare 631,AtlanticOcean,Atlantic Ocean,8/1/1948
53,1,52,0,COM,Strato-Freight (NC92857),Curtiss C-46D-5-CU,US,"Atlantic Ocean off San Juan, Puerto Rico, US",6/7/1949
55,4,51,0,COM,Eastern Air Lines Flight 537 andBolivian Air Force (NX26927),Douglas DC-4 and Lockheed P-38 Lightning,US,"Alexandria, Virginia, US",11/1/1949
80,5,75,0,COM,Fairflight (G-AKBY),Avro 689 Tudor V,UK,"Sigingstone, Wales, UK",3/12/1950
58,3,55,0,COM,Northwest Orient Airlines Flight 2501,Douglas DC-4,US,"Lake Michigan, off Benton Harbor, Michigan, US",6/23/1950
51,7,44,0,COM,Panair do Brasil Flight 099,Lockheed Constellation,Brazil,"São Leopoldo, Brazil",7/28/1950
55,7,48,0,COM,TWA Flight 903,Lockheed L-749A,Egypt,"Wadi Natrun, Egypt",8/31/1950
58,7,51,0,COM,Curtiss Reid Flying Services (CF-EDN),Douglas C-54B-1-DC,France,"Grande Tête de l'Obiou mountain, France",11/13/1950
53,9,44,0,MIL,US Air Force (49-0244),Douglas C-124A Globemaster II,AtlanticOcean,"area of Biscay Abyssal Plain, Atlantic Ocean",3/23/1951
50,5,45,0,COM,United Airlines Flight 610,Douglas DC-6,US,"near Fort Collins, Colorado, US",6/30/1951
50,6,44,0,COM,United Airlines Flight 615,Douglas DC-6B,US,"Union City, California, US",8/24/1951
56,4,52,0,COM,Miami Airlines (N1678M),Curtiss C-46F-1-CU,US,"Hillside, New Jersey, US",12/16/1951
52,0,52,0,COM,Pan Am Flight 526A,Douglas DC-4,US,"Atlantic Ocean, off San Juan, Puerto Rico, US",4/11/1952
50,9,41,0,COM,Pan Am Flight 202,Boeing 377-10-26,Brazil,"near Santana do Araguaia, Brazil",4/29/1952
52,11,41,0,MIL,US Air Force (51-0107),Douglas C-124A-DL Globemaster II,US,"Colony Glacier, Mount Gannett, Chugach Mountains, Alaska, US",11/22/1952
87,5,82,0,MIL,US Air Force (50-0100),Douglas C-124A Globemaster II,US,"Moses Lake, Washington, US",12/20/1952
129,7,122,0,MIL,US Air Force (51-0137),Douglas C-124A-DL Globemaster II,Japan,"Tachikawa, Japan",6/18/1953
58,8,50,0,COM,Transocean Air Lines Flight 512,Douglas DC-6,PacificOcean,Pacific Ocean,7/12/1953
66,9,57,0,COM,United States Navy (131612),Douglas R6D-1 (DC-6),US,"Pali Kea Peak, Waianae Range, Oahu, Hawaii, US",3/22/1955
58,7,51,0,EXS,El Al Israel Airlines Flight 402/26,Lockheed L-149 Constellation,Bulgaria,"near Petrich, Bulgaria",7/27/1955
66,11,55,0,MIL,1955 Altensteig mid-air collision,Fairchild C-119 Flying Boxcar (x2),WestGermany,"near Altensteig, West Germany",8/11/1955
66,3,63,0,COM,United Airlines Flight 409,Douglas DC-4,US,"Medicine Bow Peak, Wyoming, US",10/6/1955
50,5,45,0,COM,Scottish Airlines (G-ANSY),Avro York,Malta,"Żurrieq, Malta",2/18/1956
52,3,49,0,COM,Transports Aériens Intercontinentaux (F-BGOD),Douglas DC-6B,Egypt,"near New Cairo, Egypt",2/20/1956
74,10,64,0,COM,Linea Aeropostal Venezolana Flight 253,Lockheed L-1049 Super Constellation,US,"New York Bight, Atlantic Ocean, area of Jones Beach, New York, US",6/20/1956
128,11,117,0,COM,United Airlines Flight 718 andTWA Flight 2,Douglas DC-7 and Lockheed L-1049,US,"Grand Canyon, Arizona, US",6/30/1956
59,9,50,0,COM,US Navy (131588),Douglas R6D-1,AtlanticOcean,"Porcupine Seabight, Atlantic Ocean",10/10/1956
62,3,59,0,COM,Trans-Canada Air Lines Flight 810,Canadair North Star,Canada,"Slesse Mountain, B.C., Canada",12/9/1956
67,10,57,0,MIL,US Air Force (50-0702),Boeing C-97C-35-BO,PacificOcean,Pacific Ocean,3/22/1957
58,9,49,0,COM,KLM Flight 844,Lockheed 1049E,Indonesia,"Biak Island, Indonesia",7/16/1957
79,6,73,0,COM,Maritime Central Airways Flight 315,Douglas DC-4,Canada,"Issoudun, Quebec, Canada",8/11/1957
61,6,55,0,COM,Aerola-neas Argentinas Flight 670,Douglas DC-4,Argentina,"near Bolívar, Argentina",12/8/1957
61,9,52,0,COM,Sabena (OO-SFA),Douglas DC-7C,Morocco,"Casablanca, Morocco",5/18/1958
99,8,91,0,COM,KLM Flight 607E,Lockheed L-1049,Ireland,"Atlantic Ocean, area of Shannon, Ireland",8/14/1958
64,11,53,0,COM,Aeroflot Flight 4,Tupolev Tu-104A,USSR,"near Chita, Russian SFSR, USSR",8/15/1958
80,9,71,0,COM,Aeroflot (CCCP-42362),Tupolev Tu-104A,USSR,"Vurnarsky District, Chuvash ASSR, Russian SFSR, USSR",10/17/1958
51,5,46,0,COM,Austral Líneas Aéreas Flight 205,Curtiss C-46A-50-CU,Argentina,"Atlantic Ocean off Mar del Plata, Argentina",1/16/1959
65,2,63,0,COM,American Airlines Flight 320,Lockheed L-188 Electra,US,"East River, New York, US",2/3/1959
68,9,59,0,COM,TWA Flight 891,Lockheed L-1649 Starliner,Italy,"Busto Arsizio, Italy",6/26/1959
54,9,45,0,COM,TAI (F-BIAP),Douglas DC-7C,France,"Mérignac, France",9/24/1959
50,4,46,0,COM,Capital Airlines Flight 20,Vickers Viscount 745D,US,"Holdcroft, Virginia, US",1/18/1960
59,4,55,0,COM,Lloyd Aacreo Boliviano (CP-609),Douglas DC-4,Bolivia,"Arbieto, Bolivia",2/5/1960
61,11,50,0,COM,US Navy (131582) andReal Transportes Aéreos (PP-AXD),Douglas R6D-1 (DC-6A) and Douglas DC-3,Brazil,"Guanabara Bay, Brazil",2/25/1960
63,6,57,0,COM,Northwest Orient Airlines Flight 710,Lockheed L-188C Electra,US,"Cannelton, Indiana, US",3/17/1960
54,5,49,0,COM,REAL Transportes Aéreos (PP-YRB),Convair CV-340-62,Brazil,"Guanabara Bay, Brazil",6/24/1960
63,8,55,0,COM,Air France Flight 343,Lockheed L-1049G,Senegal,"Yoff, Senegal",8/29/1960
80,7,73,0,COM,World Airways Flight 830,Douglas DC-6A,US,"Mt. Barrigada, near Barrigada, Guam, US",9/19/1960
62,3,59,0,COM,Eastern Air Lines Flight 375,Lockheed L-188 Electra,US,"Boston, Massachusetts, US",10/4/1960
134,12,116,6,COM,United Airlines Flight 826 andTWA Flight 266,Douglas DC-8-21 and Lockheed L-1049,US,"New York City, US",12/16/1960
52,7,13,32,MIL,US Air Force (55-0291),Convair C-131 Samaritan,WestGermany,"Munich, West Germany",12/17/1960
73,11,61,1,COM,Sabena Flight 548,Boeing 707-320,Belgium,"Brussels, Belgium",2/15/1961
52,8,44,0,COM,ČSA Flight 511,Ilyushin Il-18,WestGermany,"Gräfenberg, West Germany",3/28/1961
78,9,69,0,INB,Air France Flight 406,Lockheed L-1649A Starliner,Algeria,"near Zarzaitine, Algeria",5/10/1961
61,14,47,0,COM,Viasa Flight 897,Douglas DC-8-53,Portugal,"Atlantic Ocean, off Fonte da Telha, Lisboa, Portugal",5/30/1961
72,8,64,0,COM,ČSA Flight 511,Ilyushin Il-18V,Morocco,"Bouskoura, Morocco",7/12/1961
67,7,60,0,COM,Aerol-neas Argentinas Flight 644,Douglas DC-6,Argentina,"Cachari, Buenos Aires, Argentina",7/19/1961
78,5,73,0,COM,TWA Flight 529,Lockheed L-049 Constellation,US,"Hinsdale, Illinois, US",9/1/1961
83,6,77,0,COM,President Airlines (N90773),Douglas DC-6B,Ireland,"Shannon, Ireland",9/10/1961
77,6,71,0,COM,Air France Flight 2005,Sud Aviation SE-210 Caravelle III,Morocco,"Rabat, Morocco",9/12/1961
77,3,74,0,COM,Imperial Airlines Flight 201/8,Lockheed L-049 Constellation,US,"Richmond, Virginia, US",11/8/1961
52,12,40,0,COM,Aerol-neas Argentinas Flight 322,de Havilland Comet 4,Brazil,"Campinas, Brazil",11/23/1961
59,9,50,0,COM,Aeroflot Flight 245,Ilyushin Il-18B,USSR,"Chebotovka, Tarasovsky District, Russian SFSR, USSR",12/17/1961
95,8,87,0,COM,American Airlines Flight 1,Boeing 707-123B,US,"Jamaica Bay, New York, US",3/1/1962
111,10,101,0,COM,Caledonian Airways Flight 153,Douglas DC-7,Cameroon,"Douala, Cameroon",3/4/1962
107,11,96,0,COM,Flying Tiger Line Flight 739,Lockheed L-1049H Super Constellation,PacificOcean,Pacific Ocean,3/16/1962
130,8,122,0,COM,Air France Flight 007,Boeing 707-328,France,"Paris, France",6/3/1962
113,10,103,0,COM,Air France Flight 117,Boeing 707-328,WestIndies,"near Deshaies, Guadeloupe, West Indies",6/22/1962
84,8,76,0,EXG,Aeroflot Flight 902,Tupolev Tu-104A,USSR,"near Voznesenka, Krasnoyarsk Krai, Russian SFSR, USSR",6/30/1962
94,9,85,0,COM,Alitalia Flight 771,McDonnell Douglas DC-8-43,India,"Junnar, India",7/7/1962
81,7,74,0,COM,Aeroflot Flight 415,Antonov An-10A,USSR,"Kholodnaia Rechka, Gagra District, Abkhaz ASSR, Georgian SSR, USSR",7/28/1962
86,7,79,0,COM,Aeroflot Flight 3,Tupolev Tu-104A,USSR,"near Yelabuga, Tatar ASSR, Russian SFSR, USSR",9/3/1962
97,17,80,0,COM,Varig Flight 810,Boeing 707-441,Peru,"La Cruz peak, San Juan de Miraflores, Peru",11/27/1962
50,7,43,0,COM,Panair do Brasil (PP-PDE),Lockheed L-049 Constellation,Brazil,"area of Manaus, Brazil",12/14/1962
104,6,11,87,COM,Middle East Airlines Flight 265 andTurkish Air Force (CBK-28),Vickers Viscount 754D and Douglas C-47,Turkey,"Ankara, Turkey",2/1/1963
67,8,59,0,COM,Aeroflot Flight 25,Ilyushin Il-18,USSR,"Urakhcha, Rybno-Slobodsky District, Tatar ASSR, Russian SFSR, USSR",4/4/1963
55,7,48,0,COM,Air Afrique (F-BIAO),Douglas DC-6B,Cameroon,"Mount Cameroon, Cameroon",5/3/1963
101,6,95,0,COM,Northwest Airlines Flight 293,Douglas DC-7CF,US,"Pacific Ocean, area of Annette Island, Alaska, US",6/3/1963
63,8,55,0,COM,United Arab Airlines Flight 869,de Havilland Comet 4C,India,"Arabian Sea, off Mumbai, India",7/27/1963
80,6,74,0,COM,Swissair Flight 306,Sud Aviation SE-210 Caravelle III,Switzerland,"Dürrenäsch, Switzerland",9/4/1963
118,7,111,0,COM,Trans-Canada Air Lines Flight 831,Douglas DC-8-54CF,Canada,"Sainte-Thérèse, Quebec, Canada",11/29/1963
81,8,73,0,COM,Pan Am Flight 214,Boeing 707-121,US,"Elkton, Maryland, US",12/8/1963
58,7,51,0,COM,Eastern Air Lines Flight 304,Douglas DC-8,US,"Lake Pontchartrain, Louisiana, US",2/25/1964
83,8,75,0,COM,British Eagle International Airlines Flight 802,Bristol 175 Britannia 312,Austria,"Glungezer mountain, Austria",2/29/1964
85,4,81,0,COM,Paradise Airlines Flight 901A,Lockheed L-049 Constellation,US,"Genoa, Nevada, US",3/1/1964
80,5,74,1,MIL,US Air Force (61-0332),Boeing C-135B,Philippines,"Angeles City, Philippines",5/11/1964
57,5,52,0,COM,Civil Air Transport (B-908),Curtiss C-46D-10-CU,Taiwan,"Jiaoxi, Taiwan",6/20/1964
87,9,78,0,COM,Aeroflot Flight 721,Ilyushin Il-18V,USSR,"near Yuzhno Sakhalinsk, Russian SFSR, USSR",9/2/1964
80,7,73,0,COM,Union de Transportes Aériens (F-BHMS),Douglas DC-6B,Spain,"Mt. Alcazaba, Spain",10/2/1964
50,5,45,0,COM,TWA Flight 800,Boeing 707-331,Italy,"Fiumicino, Italy",11/23/1964
64,3,61,0,COM,Aeroflot Flight 20,Ilyushin Il-18B,USSR,"Almaty, Kazakh SSR, USSR",1/4/1965
87,7,80,0,COM,LAN Chile Flight 107,Douglas DC-6,Chile,"San José Volcano, Chile",2/6/1965
84,5,79,0,COM,Eastern Air Lines Flight 663,Douglas DC-7B,US,"Atlantic Ocean, off Jones Beach, New York, US",2/8/1965
50,5,45,0,COM,Iberia (EC-ATH),Convair CV-440-62,Morocco,"Atlantic Ocean, off Tangier, Morocco",3/31/1965
54,4,50,0,COM,Alia Royal Jordanian Airlines Herald (JY-ACQ),Handley Page HPR-7 Herald 207,Syria,"Al-Dimas, Syria",4/10/1965
121,13,108,0,COM,Pakistan International Airlines Flight 705,Boeing 720 040B,Egypt,"New Cairo, Egypt",5/20/1965
84,12,72,0,MIL,US Air Force (60-0373),Boeing C-135 Stratolifter,US,"Santiago Canyon, California, US",6/25/1965
52,6,46,0,INB,Canadian Pacific Air Lines Flight 21,Douglas DC-6B,Canada,"near 100 Mile House, BC, Canada",7/8/1965
59,2,57,0,MIL,US Marine Corps (149802),Lockheed KC-130F Hercules,China,"Kowloon Bay, Hong Kong, China",8/24/1965
69,9,60,0,COM,Fuerza Aérea Argentina (TC-48),Douglas C-54 Skymaster,CentralAmerica,Central America[nb 26],11/3/1965
58,5,53,0,COM,American Airlines Flight 383,Boeing 727-23,US,"Hebron, Kentucky, US",11/8/1965
85,4,81,0,MIL,US Air Force (56-4376),Fairchild C-123B-18-FA Provider,Vietnam,"near Tuy Hòa, Vietnam",12/11/1965
56,4,52,0,COM,Avianca Flight 4,Douglas C-54,Colombia,"Cartagena Bay, off Cartagena, Colombia",1/15/1966
117,11,106,0,COM,Air India Flight 101,Boeing 707-437,France,"Mont Blanc massif, France",1/24/1966
133,7,126,0,COM,All Nippon Airways Flight 60,Boeing 727-81,Japan,"Tokyo Bay, Japan",2/4/1966
64,10,54,0,COM,Canadian Pacific Airlines Flight 402,Douglas DC-8-43,Japan,"Tokyo, Japan",3/4/1966
124,11,113,0,COM,BOAC Flight 911,Boeing 707-436,Japan,"Gotemba, Japan",3/5/1966
83,5,78,0,COM,American Flyers Flight 280,Lockheed L-188 Electra,US,"Ardmore, Oklahoma, US",4/22/1966
98,6,92,0,COM,Britannia Airways Flight 105,Bristol 175 Britannia 102,Yugoslavia,"Komenda, SR Slovenia, Yugoslavia",9/1/1966
50,5,45,0,COM,All Nippon Airways Flight 533,NAMC YS-11,Japan,"Seto Inland Sea, off Matsuyama, Shikoku, Japan",11/13/1966
82,8,74,0,COM,TABSO Flight 101,Ilyushin Il-18B,Czechoslovakia,"Bratislava, Czechoslovakia",11/24/1966
111,4,0,107,COM,Flying Tiger Line (N228SW),Canadair CL-44D4-1,Vietnam,"Da Nang, Vietnam",12/24/1966
56,1,50,5,COM,Varig Flight 837,Douglas DC-8-33,Liberia,"Monrovia, Liberia",3/5/1967
59,3,12,44,MIL,Korean Air Force,Curtiss C-46,SouthJorea,"near Yeouido, South Korea",4/8/1967
126,9,117,0,COM,Globe Air (HB-ITB),Bristol Britannia 313,Cyprus,"Nicosia, Cyprus",4/20/1967
88,5,83,0,COM,Air Ferry DC-4 G-APYK,Douglas C-54 Skymaster,france,"Mont Canigou, France",6/3/1967
72,3,69,0,COM,British Midland Airways Flight (G-ALHG),Canadair C-4 Argonaut,UK,"Stockport, England, UK",6/4/1967
82,6,76,0,COM,Piedmont Airlines Flight 22 andPrivate aircraft (N31215S),Boeing 727-22 and Cessna 310,US,"Hendersonville, North Carolina, US",7/19/1967
66,7,59,0,INB,Cyprus Airways Flight 284,de Havilland Comet 4,Turkey,"Mediterranean, near Demre, Turkey",10/12/1967
107,8,99,0,COM,Aeroflot Flight 2230,Ilyushin Il-18V,USSR,"Aramil, Russian SFSR, USSR",11/16/1967
70,5,65,0,COM,TWA Flight 128,Convair CV-880-22-1,US,"Hebron, Kentucky, US",11/20/1967
72,6,66,0,COM,Faucett (OB-R-148),Douglas C-54A-5-DC Skymaster,Peru,"Cordillera Blanca, Peru",12/8/1967
98,6,92,0,MIL,Indian Air Force Flight 203,Antonov An-12BP,India,"Rohtang Pass, India",2/7/1968
83,9,74,0,COM,Aeroflot Flight 15,Ilyushin Il-18D,USSR,"Parchum, Chunsky District, Russian SFSR, USSR",2/29/1968
63,11,52,0,COM,Air France Flight 212 (F-BLCJ),Boeing 707-328C,Guadeloupe,"La Grande Soufrière volcano, Guadeloupe",3/5/1968
61,4,57,0,COM,Aer Lingus Flight 712,Vickers Viscount 803,Ireland,"St George's Channel, off Wexford, Ireland",3/24/1968
123,12,111,0,COM,South African Airways Flight 228,Boeing 707-344C,Namibia,"Windhoek, Namibia (then South West Africa)",4/20/1968
85,5,80,0,COM,Braniff Flight 352,Lockheed L-188A Electra,US,"Dawson, Texas, US",5/3/1968
155,6,149,0,MIL,US Air Force (60-0297),Lockheed C-130B Hercules,Vietnam,"Kham Duc, South Vietnam",5/12/1968
95,6,89,0,EXG,Air France Flight 1611,Sud Aviation SE-210 Caravelle III,France,"Mediterranean, near Nice, France",9/11/1968
58,2,55,1,COM,Pan African Airlines (N90427),Douglas C-54B-1-DC Skymaster,Nigeria,"Agwa, Rivers State, Nigeria",9/28/1968
51,9,42,0,COM,Pan Am Flight 217,Boeing 707-321B,Venezuela,"Atlantic Ocean, off Maiquetía, Venezuela",12/12/1968
50,5,43,2,COM,Ariana Afghan Airlines Flight 701,Boeing 727-113C,UK,"Fernhill, England, UK",1/5/1969
155,10,74,71,COM,Viasa Flight 742,McDonnell Douglas DC-9-32,Venezuela,"Maracaibo, Venezuela",3/16/1969
100,7,93,0,COM,United Arab Airlines (SU-APC),Ilyushin Il-18D,Egypt,"Aswan, Egypt",3/20/1969
53,5,48,0,COM,LOT Polish Airlines Flight 165,Antonov An-24W,Poland,"Polica Mtn., Poland",4/2/1969
79,7,72,0,COM,Mexicana Flight 704,Boeing 727-64,Mexico,"El Carmen, Mexico",6/4/1969
120,10,110,0,COM,Aeroflot Flight 831 and Soviet Air Force An-12,Ilyushin Il-14M and Antonov An-12BP,USSR,"Poroslitsy, Yukhnovsky, Russian SFSR, USSR",6/23/1969
55,4,51,0,COM,Aeroflot Flight H-826,Antonov An-24B,USSR,"Preobrazhenka, Dnipropetrovsk, Ukrainian SSR, USSR",8/3/1969
83,5,78,0,COM,Allegheny Airlines Flight 853 andPrivate aircraft (N7374J),McDonnell Douglas DC-9-30 and Piper PA-28 Cherokee,US,"Fairland, Indiana, US",9/9/1969
76,5,69,2,MIL,Air Vietnam C-54D (XV-NUG)and US Air Force,Douglas C-54D-10-DC Skymaster and F-4 Phantom II,Vietnam,"Da Nang, Vietnam",9/20/1969
74,5,69,0,COM,Lloyd Aéreo Boliviano (CP-698),Douglas DC-6B,Bolivia,"Mt. Choquetanga, Cordillera Kimsa Cruz, Bolivia",9/26/1969
87,11,76,0,COM,Nigeria Airways Flight 825,Vickers VC10,Nigeria,"Lagos, Nigeria",11/20/1969
62,11,51,0,COM,Air France Flight 212 (F-BHSZ),Boeing 707-328B,Venezuela,"Caribbean, off Maiquetía, Venezuela",12/4/1969
90,5,85,0,COM,Olympic Airways Flight 954,Douglas DC-6,Greece,"Keratea, Greece",12/8/1969
92,7,85,0,COM,Aeroflot Flight U-45,Ilyushin Il-18V,USSR,"Bulungur District, Uzbek SSR, USSR",2/6/1970
102,5,97,0,COM,Dominicana de Aviación (HI-177),McDonnell Douglas DC-9-32,DominicanRepublic,"Caribbean, off Santo Domingo, Dominican Republic",2/15/1970
61,5,56,0,COM,Royal Air Maroc (CN-CCV),Sud Aviation SE-210 Caravelle III,Morocco,"Berrechid, Morocco",4/1/1970
112,7,105,0,COM,Dan-Air (G-APDN),de Havilland Comet 4,Spain,"Les Agudes mountain, Spain",7/3/1970
109,9,100,0,COM,Air Canada Flight 621,McDonnell Douglas DC-8-63,Canada,"Vaughan, Ontario, Canada",7/5/1970
101,7,92,2,COM,LANSA Flight 502,Lockheed L-188 Electra,Peru,"Cusco, Peru",8/9/1970
75,4,71,0,COM,Southern Airways Flight 932,McDonnell Douglas DC-9-31,US,"Ceredo, West Virginia, US",11/14/1970
79,6,73,0,MIL,US Air Force (55-4574),Fairchild C-123K,Vietnam,"Khánh Phu, Khánh Hòa Province, Vietnam",11/27/1970
65,8,57,0,COM,Aeroflot Flight 1969,Antonov An-10,USSR,"Lutuhyne, Ukrainian SSR, USSR",3/31/1971
78,3,75,0,COM,Aviogenex Flight 130,Tupolev Tu-134A,Yugoslavia,"Omišalj, SR Croatia, Yugoslavia",5/23/1971
50,6,44,0,COM,Hughes Airwest Flight 706 andUS Marine Corps (151458),McDonnell Douglas DC-9-31 and McDonnell Douglas F-4 Phantom II,US,"San Gabriel Mts., near Duarte, California, US",6/6/1971
68,4,64,0,COM,Toa Domestic Airlines Flight 63,NAMC YS-11A-217,Japan,"Yokotsu Mtn., Hakodate, Japan",7/3/1971
97,4,93,0,COM,Aeroflot Flight 1912,Tupolev Tu-104B,USSR,"Irkutsk, Russian SFSR, USSR",7/25/1971
162,7,155,0,COM,All Nippon Airways Flight 58 andJASDF (92-7932),Boeing 727-200 and North American F-86 Sabre,Japan,"Shizukuishi, Japan",7/30/1971
111,7,104,0,COM,Alaska Airlines Flight 1866,Boeing 727-100,US,"near Juneau, Alaska, US",9/4/1971
63,8,55,0,COM,British European Airways Flight 706,Vickers 951 Vanguard,Belgium,"Aarsele, Belgium",10/2/1971
50,6,44,0,MIL,Royal Air Force (XV216),Lockheed C-130K Hercules C.1P,Italy,"Ligurian Sea, near Pisa, Italy",11/9/1971
69,7,62,0,COM,Merpati Nusantara Airlines Viscount (PK-MVS),Vickers Viscount 828,Indonesia,"Mentawai Strait, off Padang, Indonesia",11/10/1971
52,4,48,0,COM,Aeroflot Flight H-63,Antonov An-24B,USSR,"Vinnytsia, Ukrainian SSR, USSR",11/12/1971
57,4,53,0,COM,Aeroflot Flight 2174,Antonov An-24B,USSR,"Atamanovka, Saratov Oblast, Russian SFSR, USSR",12/1/1971
91,6,85,0,COM,LANSA Flight 508,Lockheed L-188 Electra,Peru,"Puerto Inca, Peru",12/24/1971
104,6,98,0,COM,Iberia Airlines Flight 602,Sud Aviation SE 210 Caravelle,Spain,"Ibiza, Spain",1/7/1972
112,6,106,0,COM,Sterling Airways Flight 296,Sud Aviation Caravelle,UnitedArabEmirates,"Fujairah, United Arab Emirates",3/14/1972
115,7,108,0,COM,Alitalia Flight 112,McDonnell Douglas DC-8-43,Italy,"Cinisi, Sicily, Italy",5/5/1972
122,7,115,0,COM,Aeroflot Flight 1491,Antonov An-10,USSR,"near Kharkiv, Ukrainian SSR, USSR",5/18/1972
86,10,72,4,COM,Japan Airlines Flight 471,Douglas DC-8-53,India,"near New Delhi, India",6/14/1972
81,10,71,0,INB,Cathay Pacific Airways Flight 700Z,Convair 880-22M-21,Vietnam,"area of Pleiku, Vietnam",6/15/1972
118,9,109,0,COM,British European Airways Flight 548,Hawker Siddeley Trident 1C,UnitedKingdom,"Staines, United Kingdom",6/18/1972
156,8,148,0,COM,Interflug (DM-SEA),Ilyushin Il-62,EastGermany,"Königs Wusterhausen, East Germany",8/14/1972
102,9,93,0,COM,Aeroflot Flight 558,Ilyushin Il-18V,USSR,"near Spassky, Verkhneuralsky District, Russian SFSR, USSR",8/31/1972
109,8,101,0,COM,Aeroflot Flight 1036,Ilyushin Il-18V,USSR,"Black Sea, off Adler, Russian SFSR, USSR",10/1/1972
174,10,164,0,COM,Aeroflot Flight 217,Ilyushin Il-62,USSR,"Moscow, Russian SFSR, USSR",10/13/1972
60,5,55,0,COM,Air Inter Flight 696,Vickers Viscount 724,france,"Noirétable, France",10/27/1972
61,9,52,0,COM,Japan Airlines Flight 446,McDonnell Douglas DC-8-62,USSR,"Moscow, Russian SFSR, USSR",11/28/1972
155,7,148,0,COM,Spantax Flight 275,Convair 990 Coronado,Spain,"San Cristóbal, Tenerife, Canary Islands, Spain",12/3/1972
101,5,96,0,COM,Eastern Air Lines Flight 401,Lockheed L-1011-385-1 TriStar 1,US,"Everglades, near Tamiami, Florida, US",12/29/1972
176,6,170,0,COM,Nigeria Airways (JY-ADO),Boeing 707-3D3C,Nigeria,"Kano, Nigeria",1/22/1973
66,4,62,0,COM,Aeroflot Flight 141,Tupolev Tu-154,Czechoslovakia,"Prague, Czechoslovakia",2/19/1973
108,8,100,0,EXS,Libyan Arab Airlines Flight 114,Boeing 727-224,Israel,"Western Sinai Peninsula, Israel",2/21/1973
79,7,72,0,COM,Aeroflot Flight 630,Ilyushin Il-18V,USSR,"near Khujand, Tajik SSR, USSR",2/24/1973
68,7,61,0,COM,Iberia Flight 504 and Spantax Flight 400,McDonnell Douglas DC-9-32 and Convair CV-990-30A-5,france,"La Planche, France",3/5/1973
58,5,53,0,INB,Air Vietnam (XV-NUI),Douglas C-54D-15-DC Skymaster,Vietnam,"Buôn Ma Thuột, Vietnam",3/19/1973
108,4,104,0,COM,Invicta International Airlines Flight 435,Vickers 952 Vanguard,Switzerland,"Reinach, Switzerland",4/10/1973
63,8,55,0,COM,Aeroflot Flight 6551,Ilyushin Il-18,USSR,"Maksut, Zharma District, Kazakh SSR, USSR",5/11/1973
82,8,74,0,INH,Aeroflot Flight 109,Tupolev Tu-104B,USSR,"Area of Chita, Russian SFSR, USSR",5/19/1973
123,7,116,0,COM,Varig Flight 820,Boeing 707-320C,france,"Saulx-les-Chartreux, France",7/11/1973
78,10,68,0,COM,Pan Am Flight 816,Boeing 707-321B,FrenchPolynesia,"Pacific Ocean, off Papeete, Tahiti, French Polynesia",7/22/1973
89,6,83,0,COM,Delta Air Lines Flight 723,McDonnell Douglas DC-9-31,US,"Boston, Massachusetts, US",7/31/1973
86,6,79,1,COM,Aviaco Flight 118,Sud Aviation SE 210 Caravelle 10R,Spain,"A Coruña, Spain",8/13/1973
56,2,54,0,COM,Aeroflot Flight A-13,Antonov An-24B,Azerbaijan,"Neftyanyye Kamni, Azerbaijan",8/18/1973
108,8,100,0,COM,Aeroflot Flight 3932,Tupolev Tu-104,USSR,"Yekaterinburg, Russian SFSR, USSR",9/30/1973
122,8,114,0,COM,Aeroflot Flight 964,Tupolev Tu-104B,USSR,"Domodedovo, Russian SFSR, USSR",10/13/1973
51,6,45,0,COM,Aeroflot Flight 2022,Tupolev Tu-124V,USSR,"Karacharovo, Volokolamsky District, Russian SFSR, USSR",12/16/1973
106,7,99,0,COM,Royal Air Maroc Caravelle (OO-SRD),Sud Aviation SE-210 Caravelle VIN,Morocco,"Mt. Mellalyene, Tétouan, Morocco",12/22/1973
66,4,62,0,COM,Turkish Airlines Flight 301,Fokker F28-1000 Fellowship,Turkey,"Cumaovası, Turkey",1/26/1974
97,10,87,0,COM,Pan Am Flight 806,Boeing 707-321B,AmericanSamoa,"Pago Pago, American Samoa",1/30/1974
346,11,335,0,COM,Turkish Airlines Flight 981,McDonnell Douglas DC-10-10,france,"Fontaine-Chaalis, France",3/3/1974
78,3,75,0,COM,Wenela Air Services (A2-ZER),Douglas DC-4,Botswana,"Francistown, Botswana",4/4/1974
107,11,96,0,COM,Pan Am Flight 812,Boeing 707-321B,Indonesia,"area of Negara, Bali, Indonesia",4/22/1974
109,7,102,0,COM,Aeroflot (CCCP-75559),Ilyushin Il-18V,USSR,"Shushary, Russian SFSR, USSR",4/27/1974
88,9,79,0,INB,Trans World Airlines Flight 841 (1974),Boeing 707-331B,Greece,"Mediterranean, area of Cephalonia, Greece",9/8/1974
72,2,70,0,COM,Eastern Air Lines Flight 212,McDonnell Douglas DC-9-31,US,"Charlotte, North Carolina, US",9/11/1974
75,8,67,0,INH,Air Vietnam Flight 706 hijacking,Boeing 727-121C,Vietnam,"near Phan Rang, Vietnam",9/15/1974
59,4,55,0,COM,Lufthansa Flight 540,Boeing 747-130,Kenya,"Nairobi, Kenya",11/20/1974
92,7,85,0,COM,TWA Flight 514,Boeing 727-231,US,"Mt. Weather, Virginia, US",12/1/1974
191,9,182,0,COM,Martinair Holland Flight 138,Douglas DC-8-55F,SriLanka,"near Maskeliya, Sri Lanka",12/4/1974
75,6,69,0,COM,Avensa Flight 358,McDonnell Douglas DC-9-14,Venezuela,"near Maturín, Venezuela",12/22/1974
52,5,47,0,COM,Lineas Aéreas del Estado (TC-72) (1975),Fokker F-27 Friendship 400M,Argentina,"Pilcaniyeu, Argentina",3/16/1975
138,11,127,0,MIL,US Air Force (68-0218),Lockheed C-5A Galaxy,Vietnam,"Saigon, South Vietnam",4/4/1975
113,6,107,0,COM,Eastern Air Lines Flight 66,Boeing 727-225,US,"Jamaica, New York, US",6/24/1975
188,7,181,0,COM,Alia Royal Jordanian (JY-AEE),Boeing 707-321C,Morocco,"Tamri, Morocco",8/3/1975
126,11,115,0,COM,ČSA Flight 540,Ilyushin Il-62,syria,"Damascus, Syria",8/20/1975
60,10,50,0,COM,Malév Flight 240,Tupolev Tu-154B,Lebanon,"Mediterranean, off Beirut, Lebanon",9/30/1975
67,4,63,0,COM,Transporte Aéreo Militar (TAM-44),Convair CV-440-12,Bolivia,"Cordillera Mts., La Paz Region, Bolivia",10/27/1975
75,4,71,0,COM,Inex-Adria Aviopromet Flight 450,McDonnell Douglas DC-9-32,Czechoslovakia,"Prague, Czechoslovakia",10/30/1975
81,15,66,0,INB,Middle East Airlines Flight 438,Boeing 720-023B,SaudiArabia,"As Sufayri, Hafar Al-Batin, Saudi Arabia",1/1/1976
62,5,56,1,COM,Aeroflot Flight 2003,Tupolev Tu-124V,USSR,"Kokoshkino, Moscow Oblast, Russian SFSR, USSR",1/3/1976
111,11,100,0,COM,Aeroflot/Armenia Flight 909,Ilyushin Il-18E,USSR,"Verkhnyaya Khava, Verkhnekhavsky District, Russian SFSR, USSR",3/6/1976
52,6,46,0,COM,Aeroflot Flight 1802,Antonov An-24RV,USSR,"Chernihiv, Ukrainian SSR, USSR",5/15/1976
76,6,70,0,COM,ČSA Flight 001,Ilyushin Il-18B,Czechoslovakia,"Bratislava, Czechoslovakia",7/28/1976
59,4,55,0,COM,SAETA Flight 232,Vickers Viscount 785D,Ecuador,"Chimborazo volcano, Andes Mts., Ecuador",8/15/1976
68,8,60,0,COM,Fuerza Aérea Venezolana (7772),Lockheed C-130H Hercules,Portugal,"Lajes, Azores, Portugal",9/3/1976
64,9,55,0,COM,Aeroflot Flight 7957and Aeroflot Flight 31,Antonov An-24 and Yakovlev Yak-40,USSR,"Black Sea, near Anapa, Russian SFSR, USSR",9/9/1976
176,14,162,0,COM,British Airways Flight 476 andInex Adria Flight 550,Hawker Siddeley Trident 3B andDouglas DC-9-32,Yugoslavia,"Vrbovec, SR Croatia, Yugoslavia",9/10/1976
154,8,146,0,COM,Turkish Airlines Flight 452,Boeing 727-2F2,Turkey,"Isparta, Turkey",9/19/1976
73,25,48,0,INB,Cubana de Aviación Flight 455,Douglas DC-8-43,Barbados,"Atlantic Ocean, off Christ Church Parish, Barbados",10/6/1976
95,6,89,0,COM,Indian Airlines Flight 171,Sud Aviation SE-210 Caravelle VIN,india,"Mumbai, India",10/12/1976
91,3,0,88,COM,Lloyd Aéreo Boliviano (N730JP),Boeing 707-131F,Bolivia,"Santa Cruz, Bolivia",10/13/1976
50,4,46,0,COM,Olympic Airways Flight 830,NAMC YS-11A-500,Greece,"Servia, Greece",11/23/1976
72,5,67,0,COM,Aeroflot Flight 2415,Tupolev Tu-104B,USSR,"Dmitrovsky District, Moscow Oblast, Russian SFSR, USSR",11/28/1976
71,9,43,19,COM,EgyptAir Flight 864,Boeing 707-366C,Thailand,"Bangkok, Thailand",12/25/1976
96,6,90,0,COM,Aeroflot Flight 3843,Tupolev Tu-104A,USSR,"Almaty, Kazakh SSR, USSR",1/13/1977
77,1,76,0,COM,Aeroflot Flight 5003,Ilyushin Il-18V,USSR,"near Mineralnye Vody, Russian SFSR, USSR",2/15/1977
583,23,560,0,COM,Pan Am Flight 1736 andKLM Flight 4805,Boeing 747-121 and Boeing 747-206B,Spain,"Tenerife, Spain",3/27/1977
72,2,61,9,COM,Southern Airways Flight 242,McDonnell Douglas DC-9-31,US,"New Hope, Georgia, US",4/4/1977
54,10,44,0,MIL,Israeli Air Force (960),Sikorsky CH-53 Sea Stallion,Israel,"Jordan Valley, Israel",5/10/1977
69,9,59,1,COM,Aeroflot Flight 331,Ilyushin Il-62M,Cuba,"Boyeros, Cuba",5/27/1977
131,6,125,0,COM,TAP Portugal Flight 425,Boeing 727-282Adv,Madeira,"Santa Cruz, Madeira",11/19/1977
59,0,59,0,COM,Libyan Arab Airlines (LZ-BTN),Tupolev Tu-154,Libya,"Ar Rajma, Libya",12/2/1977
100,7,93,0,INH,Malaysian Airline System Flight 653,Boeing 737-2H6,Malaysia,"near Tanjung Kupang, Malaysia",12/4/1977
213,23,190,0,COM,Air India Flight 855,Boeing 747-237B,India,"Arabian Sea, off Mumbai, India",1/1/1978
73,7,66,0,COM,Balkan Bulgarian (LZ-TUB),Tupolev Tu-134,Bulgaria,"Gabare, Vratsa Province, Bulgaria",3/16/1978
144,9,128,7,COM,PSA Flight 182 andPrivate aircraft (N7711G),Boeing 727-214 and Cessna 172,US,"San Diego, California, US",9/25/1978
183,8,175,0,COM,Icelandic Airlines Flight 001,Douglas DC-8-63CF,SriLanka,"Katunayake, Sri Lanka",11/15/1978
78,7,70,1,MIL,Indian Air Force,Antonov An-12,india,"Leh, India",11/19/1978
108,5,103,0,COM,Alitalia Flight 4128,McDonnell Douglas DC-9-32,Italy,"Tyrrhenian Sea, off Palermo, Italy",12/23/1978
59,5,54,0,EXG,Air Rhodesia Flight 827,Vickers Viscount 748D,Zimbabwe,"near Kariba, Zimbabwe (then Rhodesia)",2/12/1979
58,1,57,0,COM,Aeroflot Flight 1691,Tupolev Tu-104B,USSR,"Moscow, Russian SFSR, USSR",3/17/1979
57,5,52,0,COM,SAETA (HC-AVP),Vickers Viscount 785D,Ecuador,"Pastaza Province, Ecuador",4/23/1979
273,13,258,2,COM,American Airlines Flight 191,McDonnell Douglas DC-10-10,US,"Des Plaines, Illinois, U.S.",5/25/1979
61,4,57,0,COM,Garuda Indonesia (PK-GVE),Fokker F28-1000 Fellowship,Indonesia,"Mount Sibayak, near Berastagi, Indonesia",7/11/1979
178,13,165,0,COM,Aeroflot/Moldovia flight 7628 and Aeroflot flight 7880,Tupolev Tu-134A (both),USSR,"near Dniprodzerzhynsk, Ukrainian SSR, USSR",8/11/1979
63,5,58,0,COM,Aeroflot Flight 5484,Tupolev Tu-124V,USSR,"near Kirsanov, Russian SFSR, USSR",8/29/1979
73,9,63,1,COM,Western Airlines Flight 2605,McDonnell Douglas DC-10-10,Mexico,"Mexico City, Mexico",10/31/1979
156,11,145,0,COM,Pakistan International Airlines Flight 740,Boeing 707-340C,Arabia,"near Taif, Saudi Arabia",11/26/1979
257,20,237,0,COM,Air New Zealand Flight 901,McDonnell Douglas DC-10-30,Antartica,"Mount Erebus, Antarctica",11/28/1979
128,8,120,0,COM,Iran Air Flight 291,Boeing 727-86,Iran,"Alborz Mountains, Iran",1/21/1980
87,10,77,0,COM,LOT Polish Airlines Flight 007,Ilyushin Il-62,Poland,"Warsaw, Poland",3/14/1980
55,8,47,0,COM,Transbrasil Flight 303,Boeing 727-27C,Brazil,"Morro da Virgínia, Santa Catarina, Brazil",4/12/1980
146,8,138,0,COM,Dan-Air Flight 1008,Boeing 727-46,CanaryIslands,"La Esperanza Forrest, Tenerife, Canary Islands, Spain",4/25/1980
81,4,77,0,EXS,Itavia Flight 870,McDonnell Douglas DC-9-15,Italy,"Tyrrhenian Sea, near Ustica, Italy",6/27/1980
166,10,156,0,COM,Aeroflot Flight 4225,Tupolev Tu-154B-2,USSR,"Almaty, Kazakh SSR, USSR",7/8/1980
301,14,287,0,COM,Saudia Flight 163,Lockheed L-1011-200 TriStar,Arabia,"Riyadh, Saudi Arabia",8/19/1980
89,8,81,0,MIL,Royal Saudi Air Force (453),Lockheed C-130E Hercules,Arabia,"Medina, Saudi Arabia",9/14/1980
70,7,63,0,COM,TAC Colombia HK-1810,Sud Aviation SE-210 Caravelle,Colombia,"Riohacha, Colombia",12/21/1980
51,6,45,0,COM,Soviet Navy (CCCP-42332),Tupolev Tu-104A,USSR,"Pushkinsky District, Leningrad, Russian SFSR, USSR",2/7/1981
50,6,44,0,COM,Somali Airlines Flight 40,Fokker F27 Friendship 600,Somalia,"Bal'ad District, Somalia",7/20/1981
110,6,104,0,COM,Far Eastern Air Transport Flight 103,Boeing 737-222,Taiwan,"Miaoli, Taiwan",8/22/1981
50,6,44,0,COM,Aeropesca Colombia Flight 221,Vickers Viscount 745D,Colombia,"Garzón, Colombia",8/26/1981
80,0,0,20,MIL,Iranian Air Force (5-8552),Lockheed C-130H Hercules,Iran,"Kahrizak, Iran",9/29/1981
99,4,95,0,COM,Aeroflot Flight 3603,Tupolev Tu-154B-2,USSR,"near Norilsk, Russian SFSR, USSR",11/16/1981
180,7,173,0,COM,Inex-Adria Aviopromet Flight 1308,McDonnell Douglas MD-81,france,"Mt. San Pietro, Petreto-Bicchisano, Corsica, France",12/1/1981
78,4,70,4,COM,Air Florida Flight 90,Boeing 737-222,US,"Washington, D.C., US",1/13/1982
73,0,0,0,MIL,Ethiopian Air Force,Antonov An-26,Ethiopia,"near Addis Ababa, Ethiopia",1/14/1982
53,6,47,0,MIL,Korean Air Force,Fairchild C-123J,SouthKorea,"Hallasan Vol., South Korea",2/6/1982
112,8,104,0,COM,Civil Aviation Administration of China Flight 3303,Hawker Siddeley Trident,China,"near Yangshuo, China",4/26/1982
53,4,49,0,MIL,Korean Air Force (56-4391),Fairchild C-123J,SouthKorea,"Seongnam, South Korea",6/1/1982
137,9,128,0,COM,VASP Flight 168,Boeing 727-212A,Brazil,"Pacatuba, Brazil",6/8/1982
132,8,124,0,COM,Aeroflot Flight 8641,Yakovlev Yak-42,USSR,"Mazyr, Byelorussian SSR, USSR",6/28/1982
90,8,82,0,COM,Aeroflot Flight 411,Ilyushin Il-62M,USSR,"Mendeleyevo, Russian SFSR, USSR",7/6/1982
153,7,138,8,COM,Pan Am Flight 759,Boeing 727-235,US,"Kenner, Louisiana, US",7/9/1982
50,3,47,0,COM,Spantax Flight 995,McDonnell Douglas DC-10-30,Spain,"Málaga, Spain",9/13/1982
84,0,84,0,MIL,Fuerza Aérea Sandinista (265),Mil Mi-8TV,Nicaragua,"near San Andres de Bocay, Nicaragua",12/9/1982
119,8,111,0,COM,TAME Ecuador (HC-BIG),Boeing 737-200 Advanced,Ecuador,"Cuenca, Ecuador",7/11/1983
90,7,83,0,COM,Aeroflot Flight 5463,Tupolev Tu-134A,USSR,"near Almaty, Kazakh SSR, USSR",8/30/1983
269,23,246,0,EXS,Korean Air Lines Flight 007,Boeing 747-230B,RussianSFSR,"Sea of Japan, near Moneron Island, Russian SFSR, USSR",9/1/1983
112,5,107,0,INB,Gulf Air Flight 771,Boeing 737-2P6,UnitedArabEmirates,"Mina Jebel Ali, United Arab Emirates",9/23/1983
130,4,126,0,COM,TAAG Angola Airlines (D2-TBN),Boeing 737-200,Angola,"Lubango, Angola",11/8/1983
181,19,162,0,COM,Avianca Flight 011,Boeing 747-283B,Spain,"Madrid, Spain",11/27/1983
53,2,51,0,COM,Nigeria Airways (5N-ANF),Fokker F28 Fellowship 2000,Nigeria,"Enugu, Nigeria",11/28/1983
93,6,87,0,COM,Iberia Flight 350 and Aviaco Flight 134,Boeing 727 and McDonnell Douglas DC-9,Spain,"Madrid, Spain",12/7/1983
50,5,45,0,COM,Balkan Bulgarian Airlines (LZ-TUR),Tupolev Tu-134,Bulgaria,"Sofia, Bulgaria",1/10/1984
53,4,0,49,COM,Aeroservicios Ecuatorianos Flight 767-103,Douglas DC-8-55F,Ecuador,"Concepción, Quito Canton, Ecuador",9/18/1984
178,5,169,4,COM,Aeroflot Flight 3352,Tupolev Tu-154,USSR,"Omsk, Russian SFSR, USSR",10/11/1984
110,7,103,0,COM,Aeroflot Flight 3519,Tupolev 154B-2,USSR,"Yemelyanovo, Yemelyanovsky, Russian SFSR, USSR",12/23/1984
70,6,64,0,COM,Galaxy Airlines Flight 203,Lockheed L-188 Electra,US,"Reno, Nevada, US",1/21/1985
58,3,55,0,COM,Aeroflot Flight 7841,Tupolev Tu-134AK,USSR,"Minsk, Byelorussian SSR, USSR",2/1/1985
148,7,141,0,COM,Iberia Airlines Flight 610,Boeing 727-256,Spain,"Oiz mountain, Spain",2/19/1985
51,6,45,0,COM,Air Mali (TZ-ACT),Antonov An-24B,Mali,"Timbuktu, Mali",2/22/1985
94,12,82,0,COM,Aeroflot Flight 8381 andSoviet Air Force (SSSR-26492),Tupolev Tu-134 and Antonov An-26,USSR,"Zolochiv, Ukrainian SSR, USSR",5/3/1985
329,22,307,0,INB,Air India Flight 182,Boeing 747-237B,Ireland,"Atlantic Ocean, area of Cork, Ireland",6/23/1985
200,9,191,0,COM,Aeroflot Flight 7425,Tupolev Tu-154B-2,USSR,"near Uchkuduk, Uzbek SSR, USSR",7/10/1985
80,4,76,0,COM,Fuerza Aérea Colombiana (FAC-902),Douglas DC-6B,Colombia,"near Leticia, Colombia",7/24/1985
137,8,128,1,COM,Delta Air Lines Flight 191,Lockheed L-1011 TriStar,US,"Dallas–Fort Worth, Texas, US",8/2/1985
520,15,505,0,COM,Japan Airlines Flight 123,Boeing 747SR-46,Japan,"Ueno, Japan",8/12/1985
55,2,53,0,COM,British Airtours Flight 28M,Boeing 737-236,UK,"Manchester, England, UK",8/22/1985
52,5,47,0,EXG,Bakhtar Afghan Airlines (YA-BAM),Antonov An-26,Afghanistan,"Senjaray, Kandahar Province, Afghanistan",9/4/1985
60,0,60,0,INH,EgyptAir Flight 648,Boeing 737-266,Malta,"Luqa, Malta",11/24/1985
256,8,248,0,COM,Arrow Air Flight 1285,McDonnell Douglas DC-8-63CF,Canada,"Gander, Newfoundland, Canada",12/12/1985
93,6,87,0,COM,Aerovias Guatemala Caravelle (HC-BAE),Sud Aviation SE-210 Caravelle III,Guatemala,"Flores, Guatemala",1/18/1986
167,8,159,0,COM,Mexicana Flight 940,Boeing 727-264,Mexico,"Sierra Madre Occidental Mts., Mexico",3/31/1986
54,2,52,0,COM,Aeroflot Flight 2306,Tupolev Tu-134AK,USSR,"near Kopsa, Komi ASSR, Russian SFSR, USSR",7/2/1986
60,3,57,0,EXG,Sudan Airways (ST-ADY),Fokker F27 Friendship 400M,SouthSudan,"near Malakal, South Sudan",8/16/1986
82,7,60,15,COM,Aeroméxico Flight 498 and Private aircraft (N4891F),McDonnell Douglas DC-9-32 and Piper PA-28-181 Archer,US,"Cerritos, California, US",8/31/1986
70,4,66,0,COM,Aeroflot Flight 6502,Tupolev Tu-134A,USSR,"Kurumoch, Samara Oblast, Russian SFSR, USSR",10/20/1986
103,7,96,0,MIL,Iranian Air Force,Lockheed C-130 Hercules,Iran,"near Zahedan, Iran",11/2/1986
72,9,63,0,COM,Aeroflot Flight 892,Tupolev Tu-134A,EastGermany,"Bohnsdorf, East Germany",12/12/1986
63,3,60,0,INH,Iraqi Airways Flight 163,Boeing 737-270C,SaudiArabia,"near Arar, Saudi Arabia",12/25/1986
50,12,38,0,COM,Varig Flight 797,Boeing 707-320C,Bingerville,"Bingerville, Côte d'Ivoire",1/3/1987
54,0,0,0,MIL,Ethiopian Air Force,Antonov An-12,Eritrea,"near Asmara, Eritrea",1/13/1987
183,11,172,0,COM,LOT Polish Airlines Flight 5055,Ilyushin Il-62M,Poland,"Warsaw, Poland",5/9/1987
53,0,0,0,EXG,Bakhtar Alwatana (YA-BAL),Antonov An-26,Afghanistan,"near Khost, Afghanistan",6/11/1987
50,4,46,0,COM,Philippine Airlines Flight 206,Hawker Siddeley HS 748-209 Srs.2,Philippines,"Mt. Ugu, Benguet, Philippines",6/26/1987
156,6,148,2,COM,Northwest Airlines Flight 255,McDonnell Douglas DC-9-82,US,"Romulus, Michigan, U.S.",8/16/1987
83,9,74,0,COM,Thai Airways Flight 365,Boeing 737-2P5,Thailand,"Phuket, Thailand",8/31/1987
159,19,140,0,COM,South African Airways Flight 295,Boeing 747-244B,IndianOcean,"Indian Ocean, area of Mauritius",11/28/1987
115,11,104,0,INB,Korean Air Flight 858,Boeing 707-3B5C,Burma,"Andaman Sea, near Heinze Bok, Burma",11/29/1987
108,10,98,0,COM,China Southwest Airlines Flight 4146,Ilyushin Il-18D,China,"near Chongqing, China",1/18/1988
143,7,136,0,COM,Avianca Flight 410,Boeing 727-21,Colombia,"Sardinata, Colombia",3/17/1988
290,16,274,0,EXG,Iran Air Flight 655,Airbus A300B2-203,Iran,"Strait of Hormuz, off Shib Deraz, Iran",7/3/1988
70,3,0,67,MIL,Ramstein air show disaster,Aermacchi MB-339 PAN (x3),WestGermany,"Ramstein-Miesenbach, West Germany",8/28/1988
76,3,73,0,COM,Vietnam Airlines Flight 831,Tupolev Tu-134,Thailand,"Lam Luk Ka District, Thailand",9/9/1988
133,6,127,0,COM,Indian Airlines Flight 113,Boeing 737-2A8,India,"Ahmedabad, India",10/19/1988
77,9,68,0,MIL,Soviet Air Force (CCCP-86732),Ilyushin IL-76M,Armenia,"Gyumri, Armenia",12/11/1988
270,16,243,11,INB,Pan Am Flight 103,Boeing 747-121,UnitedKingdom,"Lockerbie, United Kingdom",12/21/1988
144,7,137,0,COM,Independent Air Flight 1851,Boeing 707-331B,Portugal,"Pico Alto Mtn., Azores, Portugal",2/8/1989
176,9,167,0,COM,Surinam Airways Flight 764,Douglas DC-8-62,Surinam,"Paramaribo, Surinam",6/7/1989
59,6,53,0,COM,Fuerza Aérea del Peru (FAP-329),de Havilland Canada DHC-5,Peru,"Tarma, Peru",6/21/1989
112,1,111,0,COM,United Airlines Flight 232,McDonnell Douglas DC-10-10,US,"Sioux City, Iowa, US",7/19/1989
79,3,72,4,COM,Korean Air Flight 803,McDonnell Douglas DC-10-30,Libya,"Tripoli, Libya",7/27/1989
54,5,49,0,COM,Pakistan International Airlines Flight 404,Fokker F27 Friendship 200,Pakistan,"Bunji, Pakistan",8/25/1989
150,11,115,24,COM,Cubana de Aviación Flight 9046,Ilyushin II-62M,Cuba,"Havana, Cuba",9/3/1989
55,5,50,0,COM,Partnair Flight 394,Convair CV-580,Denmark,"Skagerrak, near Hirtshals, Denmark",9/8/1989
170,14,156,0,INB,Union de Transports Aériens Flight 772,McDonnell Douglas DC-10-30,Niger,"Ténéré, Niger",9/19/1989
57,7,50,0,MIL,Soviet Air Force (CCCP-76569),Ilyushin Il-76MD,USSR,"Caspian Sea off Sumqayit, Azerbaijan SSR, USSR",10/18/1989
131,4,127,0,COM,Tan-Sahsa Flight 414,Boeing 727-224,Honduras,"Tegucigalpa, Honduras",10/21/1989
54,7,47,0,COM,China Airlines Flight 204,Boeing 737-209,Taiwan,"Chiashan Mts., Hualien City, Taiwan",10/26/1989
107,6,101,0,INB,Avianca Flight 203,Boeing 727-21,Colombia,"Bogotá, Colombia",11/27/1989
73,8,65,0,COM,Avianca Flight 52,Boeing 707-321B,US,"Cove Neck, New York, US",1/25/1990
92,4,88,0,COM,Indian Airlines Flight 605,Airbus A320-231,India,"Bangalore, India",2/14/1990
83,5,78,0,MIL,Afghanistan Air Force,Antonov An-12,Afghanistan,"near Shindand, Afghanistan",8/10/1990
128,7,121,0,INH,"Xiamen Air Flight 8301,China Southwest Flight 2402,and China Southern (B-2812)","Boeing 737-247, Boeing 707-3J6B, and Boeing 757-21B",China,"Baiyun District, Guangzhou, China",10/2/1990
63,5,58,0,COM,Elleniki Polemikí Aeroporía (748),Lockheed C-130H Hercules,Greece,"Mount Othrys, Greece",2/5/1991
98,6,92,0,MIL,Royal Saudi Air Force (469),Lockheed C-130H Hercules,Arabia,"near Khafji, Saudi Arabia",3/21/1991
223,10,213,0,COM,Lauda Air Flight 004,Boeing 767-3Z9ER,Thailand,"Phu Toei National Park, Thailand",5/26/1991
261,14,247,0,COM,Nigeria Airways Flight 2120,McDonnell Douglas DC-8-61,SaudiArabia,"Jeddah, Saudi Arabia",7/11/1991
69,6,63,0,COM,Indian Airlines Flight 257,Boeing 737-2A8,India,"Imphal, India",8/16/1991
135,12,121,2,MIL,Indonesian Air Force (A-1324),Lockheed C-130H-30 Hercules,Indonesia,"East Jakarta, Indonesia",10/5/1991
51,4,47,0,COM,Aeroflot Flight C-519,Yakovlev Yak-40,USSR,"Mt. Kukurtbash, Untsukulsky District, Dagestan ASSR, Russian SFSR, USSR",11/7/1991
87,5,82,0,COM,Air Inter Flight 148,Airbus A320-111,france,"Barr, France",1/20/1992
52,4,42,6,MIL,Kenya Air Force (214),de Havilland Canada DHC-5D Buffalo,Kenya,"Eastleigh, Nairobi, Kenya",4/16/1992
58,6,52,0,MIL,Yemen Air Force,Antonov An-12,Yemen,"Sirwah, Yemen",7/14/1992
70,7,63,0,COM,Mandala Airlines Flight 660,Vickers Viscount 816,Indonesia,"Mt. Lalaboy, Ambon Island, Indonesia",7/24/1992
113,14,99,0,COM,Thai Airways International Flight 311,Airbus A310-304,Nepal,"Langtang National Park, Nepal",7/31/1992
108,8,100,0,COM,China General Aviation Flight 7552,Yakovlev Yak-42,China,"Nanjing, China",7/31/1992
84,7,77,0,COM,Aeroflot Flight 2808,Tupolev Tu-134A,Russia,"Andreevo, Ivanovo Oblast, Russia",8/27/1992
159,8,151,0,MIL,Nigerian Air Force (NAF911),Lockheed C-130H Hercules,Nigeria,"Lagos, Nigeria",9/26/1992
167,12,155,0,COM,Pakistan International Airlines Flight 268,Airbus A300B4-200,Nepal,"Kathmandu, Nepal",9/28/1992
141,10,131,0,COM,China Southern Airlines Flight 3943,Boeing 737-31B,China,"Hejiaqiao, Yanshan District, China",11/24/1992
61,3,58,0,MIL,Russian Air Force,Mil Mi-8T,Georgia,"near Lata, Georgia",12/14/1992
56,2,54,0,COM,Martinair Flight 495,McDonnell Douglas DC-10-30CF,Portugal,"Faro, Portugal",12/21/1992
157,10,147,0,COM,Libyan Arab Airlines Flight 1103 andLibyan Air Force,Boeing 727-2L5 and Mikoyan-Gurevich MiG-23,Libya,"Qasr bin Ghashir, Tripoli, Libya",12/22/1992
133,14,119,0,MIL,Iran Air Tours Flight 962and Iranian Air Force Su-24,Tupolev Tu-154 and Sukhoi Su-24,Iran,"Shahr-e Qods, Iran",2/8/1993
83,4,79,0,COM,Palair Macedonian Airlines Flight 301,Fokker 100,RepublicofMacedonia,"Petrovec, Republic of Macedonia",3/5/1993
56,2,53,0,COM,Indian Airlines Flight 491,Boeing 737-2A8,India,"Aurangabad, India",4/26/1993
76,5,71,0,MIL,Afghanistan Air Force,Antonov An-32,Afghanistan,"Tashkurgan, Afghanistan",4/27/1993
132,7,125,0,COM,SAM Colombia Flight 501,Boeing 727-146,Colombia,"La Canada, near Medellín, Colombia",5/19/1993
55,1,54,0,COM,China Northwest Airlines Flight 2119,British Aerospace 146,China,"Yinchuan, China",7/23/1993
68,2,66,0,COM,Asiana Airlines Flight 733,Boeing 737-5L9,SouthKorea,"Mokpo, South Korea",7/26/1993
82,5,77,0,COM,Tajikistan Airlines (87995),Yakovlev Yak-40,Tajikistan,"Khorog, Tajikistan",8/28/1993
108,8,100,0,EXG,Transair Georgia (85163),Tupolev Tu-154B,Georgia,"Babushara, near Sukhumi, Abkhazia, Georgia",9/22/1993
60,0,0,0,MIL,Georgian Air Force,Mil Mi-8,Georgia,"near Svaneti, Georgia",10/4/1993
116,8,108,0,COM,Avioimpex Flight 110,Yakovlev Yak-42,RepublicofMacedonia,"Ohrid, Republic of Macedonia",11/20/1993
124,9,115,1,COM,Baikal Air Flight 130,Tupolev Tu-154,Russia,"Irkutsk, Russia",1/3/1994
75,12,63,0,COM,Aeroflot Flight 593,Airbus A310-304,Russia,"near Mezhdurechensk, Russia",3/23/1994
264,15,249,0,COM,China Airlines Flight 140,Airbus A300B4-622R,Japan,"Komaki, Japan",4/26/1994
160,14,146,0,COM,China Northwest Airlines Flight 2303,Tupolev Tu-154M,China,"Xian, China",6/6/1994
80,4,76,0,COM,Air Mauritanie Flight 625,Fokker F28 Fellowship 4000,Mauritania,"Tidjikja, Mauritania",7/1/1994
132,5,127,0,COM,USAir Flight 427,Boeing 737-3B7,US,"Aliquippa, Pennsylvania, US",9/8/1994
66,7,59,0,COM,Iran Aseman Airlines Flight 746,Fokker F28 Fellowship 1000,Iran,"Natanz, Iran",10/12/1994
68,4,64,0,COM,American Eagle Flight 4184,ATR 72-212,US,"near Roselawn, Indiana, US",10/31/1994
57,5,52,0,COM,Turkish Airlines Flight 278,Boeing 737-4Y0,Turkey,"Van, Turkey",12/29/1994
51,5,46,0,COM,Intercontinental de Aviación Flight 256,Douglas DC-9-14,Colombia,"near María La Baja, Colombia",1/11/1995
60,10,50,0,COM,TAROM Flight 371,Airbus A310-324,Romania,"Balotești, Romania",3/31/1995
52,3,49,0,EXG,Sri Lanka Air Force (4R-HVA),British Aerospace BAe-748-357 Srs. 2b,SriLanka,"near Jaffna, Sri Lanka",4/29/1995
65,7,58,0,COM,Aviateca Flight 901,Boeing 737-200,ElSalvador,"San Vicente volcano, El Salvador",8/9/1995
75,5,70,0,MIL,Sri Lanka Air Force (CR861),Antonov An-32B,SriLanka,"Laccadive Sea, off Colombo, Sri Lanka",9/12/1995
53,5,48,0,COM,Lineas Aéreas del Estado (TC-72) (1995),Fokker F-27 Friendship 400M,Argentina,"near Champaqui, Córdoba, Argentina",11/8/1995
62,6,56,0,MIL,Sri Lanka Air Force (CR862),Antonov An-32B,SriLanka,"Jaffna, Sri Lanka",11/22/1995
71,3,68,0,COM,Cameroon Airlines Flight 3701,Boeing 737-200,Cameroon,"Douala, Cameroon",12/3/1995
53,2,50,0,COM,Azerbaijan Airlines Flight 56,Tupolev Tu-134B,Azerbaijan,"Nakhchivan, Azerbaijan",12/5/1995
98,8,90,0,COM,Khabarovsk United Air Group Flight 3949,Tupolev Tu-154B,Russia,"area of Grossevichi, Khabarovsk Krai, Russia",12/6/1995
141,4,137,0,COM,Trans Service Airlift (9Q-CRR),Lockheed L-188 Electra,Angola,"Jamba, Cuando Cubango, Angola",12/18/1995
159,8,151,0,COM,American Airlines Flight 965,Boeing 757-223,Colombia,"near Buga, Colombia",12/20/1995
251,2,0,249,COM,Air Africa (RA-26222),Antonov An-32B,DRCongo,"Kinshasa, DR Congo (then Zaire)",1/8/1996
189,13,176,0,COM,Birgenair Flight 301,Boeing 757-225,DominicanRepublic,"Atlantic Ocean, near Puerto Plata, Dominican Republic",2/6/1996
91,5,86,0,MIL,Sudanese Air Force,Lockheed C-130H Hercules,Sudan,"Jabal Awliya, Sudan",2/26/1996
123,6,117,0,COM,Faucett Flight 251,Boeing 737-222,Peru,"Arequipa, Peru",2/29/1996
53,6,47,0,COM,Federal Airlines (ST-FAG),Antonov An-24RV,Sudan,"Khartoum North, Sudan",5/3/1996
110,5,105,0,COM,ValuJet Flight 592,McDonnell Douglas DC-9-32,US,"Everglades, Florida, US",5/11/1996
230,18,212,0,COM,TWA Flight 800,Boeing 747-131,NewYork,"Atlantic Ocean, off East Moriches, New York, U.S.",7/17/1996
141,11,130,0,COM,Vnukovo Airlines Flight 2801,Tupolev Tu-154M,Norway,"Svalbard, Norway",8/29/1996
70,9,61,0,COM,Aeroperú Flight 603,Boeing 757-23A,Peru,"Pacific Ocean, area of Lima, Peru",10/2/1996
99,6,90,3,COM,TAM Airlines Flight 402,Fokker 100,Brazil,"São Paulo, Brazil",10/31/1996
144,10,134,0,COM,ADC Airlines Flight 86,Boeing 727-231,Nigeria,"Ejirin, Lagos State, Nigeria",11/7/1996
349,33,316,0,COM,Saudi Arabian Flight 763 andKazakhstan Airlines Flight 1907,Boeing 747-168B and Ilyushin Il-76TD,India,"Charkhi Dadri, India",11/12/1996
125,6,119,0,INH,Ethiopian Airlines Flight 961,Boeing 767-260ER,Comoros,"Indian Ocean, off Grande Comore, Comoros",11/23/1996
73,6,67,0,MIL,Israeli Air Force (357) and Israeli Air Force (903),Sikorsky S-65C-3 Yas'ur 2000 (both),Israel,"She'ar Yashuv, Israel",2/4/1997
88,8,80,0,MIL,Iranian Air Force,Lockheed C-130 Hercules,Iran,"near Mashad, Iran",3/13/1997
50,6,44,0,COM,Stavropolskaya Aktsionernaya Avia Flight 1023,Antonov An-24RV,Russia,"Cherkessk, Russia",3/18/1997
229,14,215,0,COM,Korean Air Flight 801,Boeing 747-3B5,US,"Asan-Maina, Guam, U.S.",8/6/1997
65,6,59,0,COM,Vietnam Airlines Flight 815,Tupolev Tu-134,Cambodia,"Phnom Penh, Cambodia",9/3/1997
234,12,222,0,COM,Garuda Indonesia Flight 152,Airbus A300B4-220,Indonesia,"near Medan, Indonesia",9/26/1997
74,5,69,0,COM,Austral Líneas Aéreas Flight 2553,McDonnell Douglas DC-9-32,Uruguay,"Nuevo Berlín, near Fray Bentos, Uruguay",10/10/1997
72,8,15,49,MIL,Russian Air Force (RA-82005),Antonov An-124-100,Russia,"Irkutsk, Russia",12/6/1997
85,6,79,0,COM,Tajikistan Airlines Flight 3183,Tupolev Tu-154B-1,UnitedArabEmirates,"Sharjah, United Arab Emirates",12/15/1997
70,8,62,0,COM,Aerosvit Flight 241,Yakovlev Yak-42,Greece,"Pierian Mountains, Greece",12/17/1997
104,7,97,0,COM,SilkAir Flight 185,Boeing 737-36N,Indonesia,"Musi River, Indonesia",12/19/1997
51,6,45,0,MIL,Afghanistan Air Force,Antonov An-32,Pakistan,"Khojak Pass, Pakistan",1/13/1998
104,5,99,0,COM,Cebu Pacific Air Flight 387,McDonnell Douglas DC-9-32,Philippines,"Mount Sumagaya, Philippines",2/2/1998
203,14,182,7,COM,China Airlines Flight 676,Airbus A300B4-622R,Taiwan,"Dayuan District, Taiwan",2/16/1998
53,10,43,0,COM,Air France Flight 422,Boeing 727-230,Colombia,"Monserrate Mtn., Bogotá, Colombia",4/20/1998
75,6,69,0,COM,Peruvian Air Force (FAP-351),Boeing 737-282,Peru,"Andoas, Peru",5/5/1998
80,14,56,10,COM,Cubana de Aviación Flight 389,Tupolev Tu-154M,Ecuador,"Quito, Ecuador",8/29/1998
229,14,215,0,COM,Swissair Flight 111,McDonnell Douglas MD-11,Canada,"Atlantic Ocean, off Peggys Cove, N.S., Canada",9/2/1998
55,7,48,0,EXG,Lionair Flight 602,Antonov An-24,SriLanka,"Palk Strait, off Mannar, Sri Lanka",9/29/1998
101,11,90,0,COM,Thai Airways Flight 261,Airbus A310-300,Thailand,"Surat Thani, Thailand",12/11/1998
61,11,50,0,COM,China Southwest Airlines Flight 4509,Tupolev Tu-154M,China,"Wenzhou, Zhejiang, China",2/24/1999
50,0,0,0,MIL,Sudanese Air Force,Antonov An-32,Sudan,"Surayriyah, Khartoum, Sudan",6/3/1999
65,3,60,2,COM,LAPA Flight 3142,Boeing 737-204C,Argentina,"Palermo, Argentina",8/31/1999
217,15,202,0,COM,EgyptAir Flight 990,Boeing 767-366ER,Massachusetts,"Atlantic Ocean, area of Nantucket, Massachusetts, U.S.",10/31/1999
169,10,159,0,COM,Kenya Airways Flight 431,Airbus A310-304,GulfofGuineaoffCôted'Ivoire,Gulf of Guineaoff Côte d'Ivoire,1/30/2000
88,5,83,0,COM,Alaska Airlines Flight 261,McDonnell Douglas MD-83,California,"Pacific Ocean, off Anacapa Island, California, US",1/31/2000
131,7,124,0,COM,Air Philippines Flight 541,Boeing 737-2H4,Philippines,"Samal, Philippines",4/19/2000
60,6,49,5,COM,Alliance Air Flight 7412,Boeing 737-2A8,India,"Patna, Bihar, India",7/17/2000
113,9,100,4,COM,Air France Flight 4590,Aérospatiale-BAC Concorde,france,"Gonesse, France",7/25/2000
143,8,135,0,COM,Gulf Air Flight 072,Airbus A320-212,Bahrain,"Persian Gulf, off Al Muharraq, Bahrain",8/23/2000
83,11,72,0,MIL,Russian Air Force (RA-74295),Ilyushin Il-18D,Georgia,"Zundagi, Adjara, Georgia",10/25/2000
83,4,79,0,COM,Singapore Airlines Flight 006,Boeing 747-412,Taiwan,"Dayuan District, Taiwan",10/31/2000
57,5,52,0,COM,ASA Pesada (D2-FCG),Antonov An-26,Angola,"Luanda, Angola",11/15/2000
145,9,136,0,COM,Vladivostok Air Flight 352,Tupolev Tu-154M,Russia,"near Budaro, Irkutsk, Russia",7/4/2001
"1,700",11,81,"1,600",INH,American Airlines Flight 11,Boeing 767-223ER,US,"New York City, New York, U.S.",9/11/2001
"1,000",9,56,900,INH,United Airlines Flight 175,Boeing 767-222,US,"New York City, New York, U.S.",9/11/2001
189,6,58,125,INH,American Airlines Flight 77,Boeing 757-223,US,"Arlington, Virginia, U.S.",9/11/2001
78,12,66,0,EXG,Siberia Airlines Flight 1812,Tupolev Tu-154M,Turkey,"Black Sea, area ofnye, Turkey",10/4/2001
118,8,106,4,COM,SAS Flight 686 andPrivate aircraft (D-IEVX),McDonnell Douglas MD-87 and Cessna Citation CJ2,Italy,"Milan, Italy",10/8/2001
265,9,251,5,COM,American Airlines Flight 587,Airbus A300B4-605R,NewYork,"Belle Harbor, New York City, New York, U.S.",11/12/2001
94,7,87,0,COM,TAME Flight 120,Boeing 727-134,Colombia,"Cumbal Volcano, Colombia",1/28/2002
119,12,107,0,COM,Iran Air Tours Flight 956,Tupolev Tu-154M,Iran,"near Sarab-e Dowreh, Iran",2/12/2002
129,8,121,0,COM,Air China Flight 129,Boeing 767-2J6ER,SouthKorea,"Busan, South Korea",4/15/2002
103,7,66,30,COM,EAS Airlines Flight 4226,BAC One-Eleven 500,Nigeria,"Kano, Nigeria",5/4/2002
112,9,103,0,COM,China Northern Airlines Flight 6136,McDonnell Douglas MD-82,China,"Dalian Bay, China",5/7/2002
225,19,206,0,COM,China Airlines Flight 611,Boeing 747-209B,Taiwan,"Taiwan Strait, near Penghu Islands, Taiwan",5/25/2002
71,11,60,0,COM,Bashkirian Airlines Flight 2937 and DHL Flight 611,Tupolev Tu-154M and Boeing 757-23APF,Germany,"Überlingen, Germany",7/1/2002
77,0,0,77,MIL,Sknyliv air show disaster,Sukhoi Su-27,Ukraine,"Lviv, Ukraine",7/27/2002
127,0,127,0,MIL,Russian Air Force (89 red),Mil Mi-26,Russia,"Khankala, Chechnya, Russia",8/19/2002
75,5,70,0,COM,Turkish Airlines Flight 634,Avro RJ100,Turkey,"Diyarbakır, Turkey",1/8/2003
275,18,257,0,MIL,Iranian Revolutionary Guard Corps Aerospace Force (15-2280),Ilyushin Il-76MD,Iran,"near Kerman, Iran",2/19/2003
102,6,96,0,COM,Air Algérie Flight 6289,Boeing 737-2T4,Algeria,"Tamanrasset, Algeria",3/6/2003
75,13,62,0,COM,UM Airlines Flight 4230,Yakovlev Yak-42,Turkey,"Maçka, Trabzon, Turkey",5/26/2003
117,11,105,0,COM,Sudan Airways Flight 139,Boeing 737-200C,Sudan,"Port Sudan, Sudan",7/8/2003
141,5,136,0,COM,UTAGE Flight 141,Boeing 727-223,Benin,"Cotonou, Benin",12/25/2003
148,13,135,0,COM,Flash Airlines Flight 604,Boeing 737-3Q8,Egypt,"Red Sea, off Sharm el-Sheikh, Egypt",1/3/2004
55,6,47,2,COM,China Eastern Airlines Flight 5210,Bombardier CRJ-200LR,China,"Baotou, Inner Mongolia, China",11/21/2004
105,8,97,0,COM,Kam Air Flight 904,Boeing 737-242,Afghanistan,"Chaperi Ghar Mtn., Pamir Mts., Afghanistan",2/3/2005
60,6,54,0,COM,Equatorial Express Airlines (3C-VQR),Antonov An-24B,EquatorialGuinea,"Baney, Equatorial Guinea",7/16/2005
121,6,115,0,COM,Helios Airways Flight 522,Boeing 737-31S,Greece,"Grammatiko, Greece",8/14/2005
160,8,152,0,COM,West Caribbean Airways Flight 708,McDonnell Douglas MD-82,Venezuela,"Machiques, Venezuela",8/16/2005
149,5,95,49,COM,Mandala Airlines Flight 091,Boeing 737-230,Indonesia,"Medan, Indonesia",9/5/2005
117,6,111,0,COM,Bellview Airlines Flight 210,Boeing 737-2L9,Nigeria,"near Lagos, Nigeria",10/22/2005
106,10,84,12,MIL,Iranian Air Force (5-8519),Lockheed C-130E Hercules,Iran,"Tehran, Iran",12/6/2005
108,7,101,0,COM,Sosoliso Airlines Flight 1145,McDonnell Douglas DC-9-32,Nigeria,"Port Harcourt, Nigeria",12/10/2005
113,8,105,0,COM,Armavia Flight 967,Airbus A320-221,Russia,"Black Sea, off Adler, Russia",5/3/2006
125,5,120,0,COM,Sibir (S7) Airlines Flight 778,Airbus A310-300,Russia,"Irkutsk, Russia",7/9/2006
170,10,160,0,COM,Pulkovo Flight 612,Tupolev Tu-154M,Ukraine,"Sukha Balka, Donetsk Obl., Ukraine",8/22/2006
154,6,148,0,COM,Gol Transportes Aéreos Flight 1907 and ExcelAire (N600XL),Boeing 737-8EH and Embraer Legacy 600,Brazil,"near Peixoto Azevedo, Brazil",9/29/2006
96,4,92,0,COM,ADC Airlines Flight 53,Boeing 737-2B7,Nigeria,"Abuja, Nigeria",10/29/2006
102,6,96,0,COM,Adam Air Flight 574,Boeing 737-4Q8,Indonesia,"Makassar Strait, Indonesia",1/1/2007
114,6,108,0,COM,Kenya Airways Flight 507,Boeing 737-8AL,Cameroon,"Douala, Cameroon",5/5/2007
199,6,181,12,COM,TAM Airlines Flight 3054,Airbus A320-233,Brazil,"São Paulo, Brazil",7/17/2007
90,5,85,0,COM,One-Two-GO Airlines Flight 269,McDonnell Douglas MD-82,Thailand,"Phuket, Thailand",9/16/2007
51,4,17,30,COM,Malift Air (9Q-COS),Antonov An-26,DRCongo,"Kinshasa, DR Congo",10/4/2007
57,7,50,0,COM,Atlasjet Flight 4203,McDonnell Douglas MD-83,Turkey,"Keçiborlu, Turkey",11/30/2007
154,6,148,0,COM,Spanair Flight 5022,McDonnell Douglas MD-82,Spain,"Madrid, Spain",8/20/2008
65,0,65,0,COM,Iran Aseman Airlines/Itek Air Flight 6895,Boeing 737-219,Kyrgyzstan,"Bishkek, Kyrgyzstan",8/24/2008
88,6,82,0,COM,Aeroflot-Nord Flight 821,Boeing 737-505,Russia,"Perm, Russia",9/14/2008
50,4,45,1,COM,Colgan Air Flight 3407[nb 36],Bombardier DHC8-402 Q400,US,"Clarence Center, New York, US",2/12/2009
99,0,0,2,MIL,Indonesian Air Force (A-1325),Lockheed C-130H Hercules,Indonesia,"near Madiun, Indonesia",5/20/2009
228,12,216,0,COM,Air France Flight 447,Airbus A330-203,AtlanticOcean,"Atlantic Ocean, area of Saint Peter and Saint Paul Archipelago",6/1/2009
152,11,141,0,COM,Yemenia Flight 626,Airbus A310-324,Comoros,"Mozambique Channel off Mitsamiouli, Comoros",6/30/2009
168,12,156,0,COM,Caspian Airlines Flight 7908,Tupolev Tu-154M,Iran,"Qazvin, Iran",7/15/2009
90,8,82,0,COM,Ethiopian Airlines Flight 409,Boeing 737-8AS,Lebanon,"Mediterranean, off Na'ameh, Lebanon",1/25/2010
96,8,88,0,MIL,Polish Air Force (101),Tupolev Tu-154M,Russia,"Smolensk, Russia",4/10/2010
103,11,92,0,COM,Afriqiyah Airways Flight 771,Airbus A330-202,Libya,"Tripoli, Libya",5/12/2010
158,6,152,0,COM,Air India Express Flight 812,Boeing 737-8HG,India,"Mangalore, India",5/22/2010
152,6,146,0,COM,Airblue Flight 202,Airbus A321-231,Pakistan,"Islamabad, Pakistan",7/28/2010
68,7,61,0,COM,Aero Caribbean Flight 883,ATR 72-212,Cuba,"Guasimal, Cuba",11/4/2010
77,8,69,0,COM,Iran Air Flight 277,Boeing 727-286Adv,Iran,"Urmia, Iran",1/9/2011
74,4,70,0,COM,Hewa Bora Airways Flight 952,Boeing 727-022,DRCongo,"Kisangani, DR Congo",7/8/2011
80,9,71,0,MIL,Moroccan Air Force (CAN-OQ),Lockheed C-130 Hercules,Morocco,"Goulimime, Morocco",7/26/2011
127,6,121,0,COM,Bhoja Air Flight 213,Boeing 737-236,Pakistan,"Islamabad, Pakistan",4/20/2012
159,6,147,6,COM,Dana Air Flight 992,McDonnell Douglas MD-83,Nigeria,"Lagos, Nigeria",6/3/2012
50,6,44,0,COM,Tatarstan Airlines Flight 363,Boeing 737-53A,Russia,"Kazan, Russia",11/17/2013
77,4,72,0,MIL,Algerian Air Force C-130,Lockheed C-130 Hercules,Algeria,"Aïn Kercha, Oum El Bouaghi Province, Algeria",2/11/2014
239,12,227,0,COM,Malaysia Airlines Flight 370,Boeing 777-2H6ER,IndianOcean,"Unknown, possibly Indian Ocean",3/8/2014
298,15,283,0,EXG,Malaysia Airlines Flight 17,Boeing 777-2H6ER,Ukraine,"near Hrabove, Donetsk Oblast, Ukraine",7/17/2014
116,6,110,0,COM,Air Algérie Flight 5017,McDonnell Douglas MD-83,Mali,"near Gossi, Mali",7/24/2014
162,7,155,0,COM,Indonesia AirAsia Flight 8501,Airbus A320-216,JavaSea,"Karimata Strait, between Belitung and Borneo, Java Sea, Indonesia",12/28/2014
150,6,144,0,COM,Germanwings Flight 9525,Airbus A320-211,france,"near French Alps, France",3/24/2015
139,12,110,17,MIL,Indonesian Air Force (A-1310),Lockheed C-130 Hercules,Indonesia,"Medan, Indonesia",6/30/2015
54,5,49,0,COM,Trigana Air Flight 267,ATR 42-300,Papua,"Mount Tangok, Pegunungan Bintang Regency, Papua, Indonesia",8/16/2015
224,7,217,0,INB,Metrojet Flight 9268,Airbus A321-231,Egypt,"near Hasna, North Sinai Governorate, Egypt",10/31/2015
62,7,55,0,COM,Flydubai Flight 981,Boeing 737-8KN,Russia,"Rostov-on-Don, Russia",3/19/2016
66,10,56,0,COM,EgyptAir Flight 804,Airbus A320-232,easternMediterraneanSea,eastern Mediterranean Sea,5/19/2016
71,7,64,0,COM,LaMia Airlines Flight 2933,Avro RJ85,Colombia,"Medellin, Colombia",11/28/2016
92,8,84,0,MIL,Russian Air Force (RA-85572),Tupolev Tu-154,Russia,"Black Sea, off Adler, Russia",12/25/2016
122,14,108,0,MIL,Myanmar Air Force (5820),Shaanxi Y-8F-200,Myanmar,"Andaman Sea, off Dawei, Myanmar",6/7/2017
71,6,65,0,COM,Saratov Airlines Flight 703,Antonov An-148,Russia,"near Stepanovskoye, Moscow Oblast, Russia",2/11/2018
66,6,60,0,COM,Iran Aseman Airlines Flight 3704,ATR 72-212,Iran,"Mount Dena, Zagros Mountains near Semirom, Iran",2/18/2018
51,4,47,0,COM,US-Bangla Airlines Flight 211,Bombardier Dash 8-Q400,Nepal,"Kathmandu, Nepal",3/12/2018
257,10,247,0,MIL,Algerian Air Force (7T-WIV),Ilyushin Il-76TD,Algeria,"Boufarik, Algeria",4/11/2018
112,6,106,0,COM,Cubana de Aviación Flight 972,Boeing 737-201 Adv.,Cuba,"Santiago de las Vegas, Cuba",5/18/2018
189,8,181,0,COM,Lion Air Flight 610,Boeing 737 MAX 8,KarawangRegency,"Java Sea, off Tanjungbungin, Karawang Regency, Indonesia",10/29/2018
157,8,149,0,COM,Ethiopian Airlines Flight 302,Boeing 737 MAX 8,Ethiopia,"Bishoftu, Ethiopia",3/10/2019
176,9,167,0,EXG,Ukraine International Airlines Flight 752,Boeing 737-800,Iran,"Tehran, Iran",1/8/2020
98,8,89,1,COM,Pakistan International Airlines Flight 8303,Airbus A320-214,Pakistan,"Karachi, Pakistan",5/22/2020
62,12,50,0,COM,Sriwijaya Air Flight 182,Boeing 737-524,Indonesia,"Java Sea, Indonesia",1/9/2021
53,0,0,3,MIL,Philippine Air Force (5125),Lockheed C-130H Hercules,Philippines,"Patikul, Sulu, Philippines",7/4/2021
